{
    "align_corners": true,
    "beta_1": 0.9,
    "beta_2": 0.99,
    "data": "supernova1327.h5",
    "data_device": "cuda:0",
    "data_max": 1.0,
    "data_min": 0.0,
    "device": "cuda:0",
    "ensemble": false,
    "ensemble_ghost_cells": 0,
    "ensemble_grid": "1,1,1",
    "extents": null,
    "feature_grid_shape": "32,32,32",
    "full_shape": [
        432,
        432,
        432
    ],
    "grid_index": "1,1,1",
    "grid_initialization": "default",
    "hash_base_resolution": 16,
    "hash_log2_size": 19,
    "hash_max_resolution": 2048,
    "interpolate": true,
    "iteration_number": 0,
    "iterations": 50000,
    "iters_since_new_layer": 0,
    "iters_to_train_new_layer": 1000,
    "log_every": 50,
    "log_features_every": 500,
    "log_image": false,
    "log_image_every": 0,
    "lr": 0.01,
    "model": "AMGSRN",
    "n_dims": 3,
    "n_features": 1,
    "n_grids": 32,
    "n_layers": 2,
    "n_outputs": 1,
    "nodes_per_layer": 64,
    "num_positional_encoding_terms": 6,
    "points_per_iteration": 100000,
    "precondition": false,
    "profile": false,
    "requires_padded_feats": false,
    "save_every": 0,
    "save_name": "supernova_medium_new",
    "transform_lr": 0.001,
    "use_bias": false,
    "use_global_position": false,
    "use_tcnn_if_available": true
}